Source,Target
Dwarf1,Charming
Charming,Dwarfs
Dwarf2,Charming
Charming,Dwarfs
Snow,Charming
Charming,Snow
Snow,Charming
Charming,Snow
Snow,Charming
Charming,Snow
Priest,Snow
Snow,Charming
Priest,Snow
Dwarf1,Dwarf3
Queen,Snow
Dwarf1,Snow
Snow,Queen
Charming,Snow
Charming,Queen
Queen,Snow
Snow,Queen
Queen,Snow
Charming,Queen
BlondeLady,Henry
Henry,BlondeLady
BlondeLady,Henry
Henry,TaxiDriver
TaxiDriver,Phone
Henry,TaxiDriver
TaxiDriver,Henry
Brian,Emma
Emma,Brian
Brian,Emma
Emma,Brian
Brian,Emma
Emma,Brian
Brian,Emma
Emma,Brian
Brian,Emma
Emma,Brian
Brian,Emma
Emma,Brian
Brian,Emma
Emma,Brian
Brian,Emma
Emma,Brian
Brian,Emma
Emma,Brian
Brian,Emma
Emma,Brian
Brian,Emma
Emma,Brian
Brian,Emma
Emma,Brian
Brian,Car
Brian,Emma
Emma,Brian
Brian,Emma
Emma,Brian
Emma,Emma
Emma,Henry
Henry,Emma
Emma,Henry
Henry,Emma
Emma,Henry
Henry,Emma
Emma,Henry
Henry,Emma
Emma,Henry
Henry,Emma
Emma,Henry
Henry,Emma
Emma,Henry
Henry,Emma
Emma,Henry
Henry,Emma
Emma,Henry
Henry,Emma
Emma,Henry
Henry,Emma
Emma,Henry
Henry,Emma
Emma,Henry
Charming,Snow
Snow,Charming
Charming,Snow
Snow,Charming
Charming,Snow
Snow,Charming
Charming,Snow
Snow,Charming
Charming,Snow
Snow,Charming
Charming,Snow
Snow,Charming
Charming,Snow
Snow,Charming
Charming,Snow
Henry,Emma
Emma,Henry
Henry,Emma
Emma,Henry
Henry,Emma
Emma,Henry
Henry,Emma
Emma,Henry
Henry,Emma
Emma,Henry
Henry,Emma
Emma,Henry
Henry,Emma
Emma,Henry
Henry,Emma
Emma,Henry
Henry,Emma
Guard,Snow
Guard,Rumpelstiltskin
Rumpelstiltskin,Guard
Rumpelstiltskin,Snow
Charming,Rumpelstiltskin
Rumpelstiltskin,Snow
Snow,Rumpelstiltskin
Rumpelstiltskin,Snow
Charming,Rumpelstiltskin
Snow,Rumpelstiltskin
Rumpelstiltskin,Snow
Charming,Rumpelstiltskin
Snow,Rumpelstiltskin
Rumpelstiltskin,Snow
Snow,Rumpelstiltskin
Rumpelstiltskin,Snow
Snow,Rumpelstiltskin
Charming,Rumpelstiltskin
Rumpelstiltskin,Charming
Charming,Rumpelstiltskin
Rumpelstiltskin,Snow
Charming,Rumpelstiltskin
Rumpelstiltskin,Snow
Snow,Rumpelstiltskin
Rumpelstiltskin,Rumpelstiltskin
Emma,Henry
Henry,Emma
Emma,Henry
Henry,Emma
Emma,Henry
Henry,Emma
Emma,Henry
Henry,Emma
Emma,Henry
Henry,Emma
Emma,Henry
Henry,Emma
Archie,Henry
Henry,Archie
Archie,Henry
Emma,Archie
Henry,Archie
Archie,Henry
Emma,Archie
Archie,Emma
Emma,Henry
Henry,Emma
Archie,Henry
Henry,Archie
Archie,Henry
Emma,Archie
Archie,Henry
Emma,Henry
Henry,Emma
Emma,Henry
Henry,Emma
Emma,Henry
Henry,Emma
Emma,Henry
Henry,Emma
Emma,Henry
Henry,Emma
Emma,Henry
Charming,Group
Jiminy,Charming
Charming,Jiminy
Dwarf1,Charming
Charming,Group
Snow,Charming
Charming,Snow
Snow,Charming
Charming,Snow
Charming,Fairy
Fairy,Charming
Dwarf4,Fairy
Dwarf4,Charming
Fairy,Charming
Fairy,Geppeto
Geppeto,Fairy
Fairy,Group
Fairy,Charming
Henry,Emma
Emma,Henry
Henry,Emma
Emma,Henry
Henry,Emma
Emma,Henry
Regina,Henry
Regina,Emma
Henry,Regina
Regina,Emma
Emma,Regina
Sherriff,Regina
Regina,Emma
Emma,Regina
Regina,Emma
Emma,Regina
Regina,Emma
Emma,Regina
Regina,Emma
Emma,Regina
Sherriff,Regina
Regina,Sherriff
Regina,Emma
Emma,Regina
Regina,Emma
Emma,Regina
Regina,Emma
Emma,Regina
Regina,Emma
Emma,Regina
Regina,Emma
Emma,Regina
Regina,Emma
Emma,Emma
Snow,Charming
Charming,Snow
Snow,Charming
Charming,Snow
Snow,Charming
Charming,Snow
Snow,Charming
Dwarf5,Dwarf6
Dwarf5,Public
Leroy,Emma
Man,Leroy
Man,Emma
Emma,Marco
Leroy,Emma
Man,Leroy
Man,Emma
Leroy,Marco
Sherriff,Leroy
Emma,Sherriff
Sherriff,Emma
Emma,Sherriff
Sherriff,Emma
Regina,Sherriff
Regina,Emma
Emma,Regina
Regina,Emma
Emma,Regina
Regina,Emma
Emma,Regina
Regina,Emma
Emma,Regina
Sherriff,Emma
Emma,Sherriff
Emma,Regina
Regina,Emma
Emma,Regina
Regina,Emma
MM,Kids
Kid1,Kid2
MM,Kids
MM,Kid3
MM,Regina
Regina,MM
MM,Regina
Regina,MM
MM,Emma
Emma,MM
Regina,MM
Emma,MM
MM,Emma
Regina,MM
MM,Regina
Regina,MM
Regina,Emma
Emma,MM
MM,Emma
Emma,MM
MM,Emma
Emma,MM
MM,Emma
Emma,MM
MM,Emma
Emma,MM
MM,Emma
Snow,Charming
Charming,Doc
Charming,Snow
Snow,Charming
Geppeto,Charming
Doc,Charming
Emma,Snow
Snow,Charming
Charming,Snow
Snow,Charming
Charming,Snow
Snow,Charming
Charming,Snow
Snow,Charming
Snow,Emma
Charming,Emma
Emma,Henry
Henry,Emma
Emma,Henry
Henry,Emma
Emma,Henry
Henry,Emma
Emma,Henry
Henry,Emma
Emma,Henry
Henry,Emma
Emma,Henry
Henry,Emma
Emma,Henry
Henry,Emma
Emma,Henry
Henry,Emma
Emma,Henry
Snow,Charming
Queen,Snow
Snow,Queen
Queen,Snow
Queen,Knight
Knight,Queen
Queen,Snow
Snow,Snow
Snow,Queen
Queen,Snow
Snow,Queen
Queen,Snow
Regina,Emma
Emma,Regina
Regina,Emma
Emma,Regina
Regina,Emma
Emma,Regina
Regina,Emma
Emma,Regina
Regina,Emma
Emma,Regina
Regina,Emma
Emma,Regina
Regina,Emma
Emma,Regina
Regina,Emma
Woman,Girl
Girl,Woman
Woman,Girl
Woman,Emma
Emma,Woman
Woman,Emma
Emma,Woman
MrGold,Emma
Emma,MrGold
Woman,MrGold
MrGold,Woman
MrGold,Emma
Emma,Woman
Girl,Emma
Emma,Woman
Woman,Emma
Emma,Woman
Woman,Emma